日期	本项目	ICU	类型
1917-03-23	闰2月1	3月1	仅标号不同
1917-03-24	闰2月2	3月2	仅标号不同
1917-03-25	闰2月3	3月3	仅标号不同
1917-03-26	闰2月4	3月4	仅标号不同
1917-03-27	闰2月5	3月5	仅标号不同
1917-03-28	闰2月6	3月6	仅标号不同
1917-03-29	闰2月7	3月7	仅标号不同
1917-03-30	闰2月8	3月8	仅标号不同
1917-03-31	闰2月9	3月9	仅标号不同
1917-04-01	闰2月10	3月10	仅标号不同
1917-04-02	闰2月11	3月11	仅标号不同
1917-04-03	闰2月12	3月12	仅标号不同
1917-04-04	闰2月13	3月13	仅标号不同
1917-04-05	闰2月14	3月14	仅标号不同
1917-04-06	闰2月15	3月15	仅标号不同
1917-04-07	闰2月16	3月16	仅标号不同
1917-04-08	闰2月17	3月17	仅标号不同
1917-04-09	闰2月18	3月18	仅标号不同
1917-04-10	闰2月19	3月19	仅标号不同
1917-04-11	闰2月20	3月20	仅标号不同
1917-04-12	闰2月21	3月21	仅标号不同
1917-04-13	闰2月22	3月22	仅标号不同
1917-04-14	闰2月23	3月23	仅标号不同
1917-04-15	闰2月24	3月24	仅标号不同
1917-04-16	闰2月25	3月25	仅标号不同
1917-04-17	闰2月26	3月26	仅标号不同
1917-04-18	闰2月27	3月27	仅标号不同
1917-04-19	闰2月28	3月28	仅标号不同
1917-04-20	闰2月29	3月29	仅标号不同
1917-04-21	3月1	闰3月1	仅标号不同
1917-04-22	3月2	闰3月2	仅标号不同
1917-04-23	3月3	闰3月3	仅标号不同
1917-04-24	3月4	闰3月4	仅标号不同
1917-04-25	3月5	闰3月5	仅标号不同
1917-04-26	3月6	闰3月6	仅标号不同
1917-04-27	3月7	闰3月7	仅标号不同
1917-04-28	3月8	闰3月8	仅标号不同
1917-04-29	3月9	闰3月9	仅标号不同
1917-04-30	3月10	闰3月10	仅标号不同
1917-05-01	3月11	闰3月11	仅标号不同
1917-05-02	3月12	闰3月12	仅标号不同
1917-05-03	3月13	闰3月13	仅标号不同
1917-05-04	3月14	闰3月14	仅标号不同
1917-05-05	3月15	闰3月15	仅标号不同
1917-05-06	3月16	闰3月16	仅标号不同
1917-05-07	3月17	闰3月17	仅标号不同
1917-05-08	3月18	闰3月18	仅标号不同
1917-05-09	3月19	闰3月19	仅标号不同
1917-05-10	3月20	闰3月20	仅标号不同
1917-05-11	3月21	闰3月21	仅标号不同
1917-05-12	3月22	闰3月22	仅标号不同
1917-05-13	3月23	闰3月23	仅标号不同
1917-05-14	3月24	闰3月24	仅标号不同
1917-05-15	3月25	闰3月25	仅标号不同
1917-05-16	3月26	闰3月26	仅标号不同
1917-05-17	3月27	闰3月27	仅标号不同
1917-05-18	3月28	闰3月28	仅标号不同
1917-05-19	3月29	闰3月29	仅标号不同
1917-05-20	3月30	闰3月30	仅标号不同
1922-06-25	闰5月1	6月1	仅标号不同
1922-06-26	闰5月2	6月2	仅标号不同
1922-06-27	闰5月3	6月3	仅标号不同
1922-06-28	闰5月4	6月4	仅标号不同
1922-06-29	闰5月5	6月5	仅标号不同
1922-06-30	闰5月6	6月6	仅标号不同
1922-07-01	闰5月7	6月7	仅标号不同
1922-07-02	闰5月8	6月8	仅标号不同
1922-07-03	闰5月9	6月9	仅标号不同
1922-07-04	闰5月10	6月10	仅标号不同
1922-07-05	闰5月11	6月11	仅标号不同
1922-07-06	闰5月12	6月12	仅标号不同
1922-07-07	闰5月13	6月13	仅标号不同
1922-07-08	闰5月14	6月14	仅标号不同
1922-07-09	闰5月15	6月15	仅标号不同
1922-07-10	闰5月16	6月16	仅标号不同
1922-07-11	闰5月17	6月17	仅标号不同
1922-07-12	闰5月18	6月18	仅标号不同
1922-07-13	闰5月19	6月19	仅标号不同
1922-07-14	闰5月20	6月20	仅标号不同
1922-07-15	闰5月21	6月21	仅标号不同
1922-07-16	闰5月22	6月22	仅标号不同
1922-07-17	闰5月23	6月23	仅标号不同
1922-07-18	闰5月24	6月24	仅标号不同
1922-07-19	闰5月25	6月25	仅标号不同
1922-07-20	闰5月26	6月26	仅标号不同
1922-07-21	闰5月27	6月27	仅标号不同
1922-07-22	闰5月28	6月28	仅标号不同
1922-07-23	闰5月29	6月29	仅标号不同
1922-07-24	6月1	闰6月1	仅标号不同
1922-07-25	6月2	闰6月2	仅标号不同
1922-07-26	6月3	闰6月3	仅标号不同
1922-07-27	6月4	闰6月4	仅标号不同
1922-07-28	6月5	闰6月5	仅标号不同
1922-07-29	6月6	闰6月6	仅标号不同
1922-07-30	6月7	闰6月7	仅标号不同
1922-07-31	6月8	闰6月8	仅标号不同
1922-08-01	6月9	闰6月9	仅标号不同
1922-08-02	6月10	闰6月10	仅标号不同
1922-08-03	6月11	闰6月11	仅标号不同
1922-08-04	6月12	闰6月12	仅标号不同
1922-08-05	6月13	闰6月13	仅标号不同
1922-08-06	6月14	闰6月14	仅标号不同
1922-08-07	6月15	闰6月15	仅标号不同
1922-08-08	6月16	闰6月16	仅标号不同
1922-08-09	6月17	闰6月17	仅标号不同
1922-08-10	6月18	闰6月18	仅标号不同
1922-08-11	6月19	闰6月19	仅标号不同
1922-08-12	6月20	闰6月20	仅标号不同
1922-08-13	6月21	闰6月21	仅标号不同
1922-08-14	6月22	闰6月22	仅标号不同
1922-08-15	6月23	闰6月23	仅标号不同
1922-08-16	6月24	闰6月24	仅标号不同
1922-08-17	6月25	闰6月25	仅标号不同
1922-08-18	6月26	闰6月26	仅标号不同
1922-08-19	6月27	闰6月27	仅标号不同
1922-08-20	6月28	闰6月28	仅标号不同
1922-08-21	6月29	闰6月29	仅标号不同
1922-08-22	6月30	闰6月30	仅标号不同
1933-07-22	6月1	闰5月30	日序不同
1933-07-23	6月2	6月1	日序不同
1933-07-24	6月3	6月2	日序不同
1933-07-25	6月4	6月3	日序不同
1933-07-26	6月5	6月4	日序不同
1933-07-27	6月6	6月5	日序不同
1933-07-28	6月7	6月6	日序不同
1933-07-29	6月8	6月7	日序不同
1933-07-30	6月9	6月8	日序不同
1933-07-31	6月10	6月9	日序不同
1933-08-01	6月11	6月10	日序不同
1933-08-02	6月12	6月11	日序不同
1933-08-03	6月13	6月12	日序不同
1933-08-04	6月14	6月13	日序不同
1933-08-05	6月15	6月14	日序不同
1933-08-06	6月16	6月15	日序不同
1933-08-07	6月17	6月16	日序不同
1933-08-08	6月18	6月17	日序不同
1933-08-09	6月19	6月18	日序不同
1933-08-10	6月20	6月19	日序不同
1933-08-11	6月21	6月20	日序不同
1933-08-12	6月22	6月21	日序不同
1933-08-13	6月23	6月22	日序不同
1933-08-14	6月24	6月23	日序不同
1933-08-15	6月25	6月24	日序不同
1933-08-16	6月26	6月25	日序不同
1933-08-17	6月27	6月26	日序不同
1933-08-18	6月28	6月27	日序不同
1933-08-19	6月29	6月28	日序不同
1933-08-20	6月30	6月29	日序不同
1954-02-03	1月1	12月30	日序不同
1954-02-04	1月2	1月1	日序不同
1954-02-05	1月3	1月2	日序不同
1954-02-06	1月4	1月3	日序不同
1954-02-07	1月5	1月4	日序不同
1954-02-08	1月6	1月5	日序不同
1954-02-09	1月7	1月6	日序不同
1954-02-10	1月8	1月7	日序不同
1954-02-11	1月9	1月8	日序不同
1954-02-12	1月10	1月9	日序不同
1954-02-13	1月11	1月10	日序不同
1954-02-14	1月12	1月11	日序不同
1954-02-15	1月13	1月12	日序不同
1954-02-16	1月14	1月13	日序不同
1954-02-17	1月15	1月14	日序不同
1954-02-18	1月16	1月15	日序不同
1954-02-19	1月17	1月16	日序不同
1954-02-20	1月18	1月17	日序不同
1954-02-21	1月19	1月18	日序不同
1954-02-22	1月20	1月19	日序不同
1954-02-23	1月21	1月20	日序不同
1954-02-24	1月22	1月21	日序不同
1954-02-25	1月23	1月22	日序不同
1954-02-26	1月24	1月23	日序不同
1954-02-27	1月25	1月24	日序不同
1954-02-28	1月26	1月25	日序不同
1954-03-01	1月27	1月26	日序不同
1954-03-02	1月28	1月27	日序不同
1954-03-03	1月29	1月28	日序不同
1954-03-04	1月30	1月29	日序不同
1955-02-22	2月1	1月30	日序不同
1955-02-23	2月2	2月1	日序不同
1955-02-24	2月3	2月2	日序不同
1955-02-25	2月4	2月3	日序不同
1955-02-26	2月5	2月4	日序不同
1955-02-27	2月6	2月5	日序不同
1955-02-28	2月7	2月6	日序不同
1955-03-01	2月8	2月7	日序不同
1955-03-02	2月9	2月8	日序不同
1955-03-03	2月10	2月9	日序不同
1955-03-04	2月11	2月10	日序不同
1955-03-05	2月12	2月11	日序不同
1955-03-06	2月13	2月12	日序不同
1955-03-07	2月14	2月13	日序不同
1955-03-08	2月15	2月14	日序不同
1955-03-09	2月16	2月15	日序不同
1955-03-10	2月17	2月16	日序不同
1955-03-11	2月18	2月17	日序不同
1955-03-12	2月19	2月18	日序不同
1955-03-13	2月20	2月19	日序不同
1955-03-14	2月21	2月20	日序不同
1955-03-15	2月22	2月21	日序不同
1955-03-16	2月23	2月22	日序不同
1955-03-17	2月24	2月23	日序不同
1955-03-18	2月25	2月24	日序不同
1955-03-19	2月26	2月25	日序不同
1955-03-20	2月27	2月26	日序不同
1955-03-21	2月28	2月27	日序不同
1955-03-22	2月29	2月28	日序不同
1955-03-23	2月30	2月29	日序不同
1987-07-26	闰6月1	7月1	仅标号不同
1987-07-27	闰6月2	7月2	仅标号不同
1987-07-28	闰6月3	7月3	仅标号不同
1987-07-29	闰6月4	7月4	仅标号不同
1987-07-30	闰6月5	7月5	仅标号不同
1987-07-31	闰6月6	7月6	仅标号不同
1987-08-01	闰6月7	7月7	仅标号不同
1987-08-02	闰6月8	7月8	仅标号不同
1987-08-03	闰6月9	7月9	仅标号不同
1987-08-04	闰6月10	7月10	仅标号不同
1987-08-05	闰6月11	7月11	仅标号不同
1987-08-06	闰6月12	7月12	仅标号不同
1987-08-07	闰6月13	7月13	仅标号不同
1987-08-08	闰6月14	7月14	仅标号不同
1987-08-09	闰6月15	7月15	仅标号不同
1987-08-10	闰6月16	7月16	仅标号不同
1987-08-11	闰6月17	7月17	仅标号不同
1987-08-12	闰6月18	7月18	仅标号不同
1987-08-13	闰6月19	7月19	仅标号不同
1987-08-14	闰6月20	7月20	仅标号不同
1987-08-15	闰6月21	7月21	仅标号不同
1987-08-16	闰6月22	7月22	仅标号不同
1987-08-17	闰6月23	7月23	仅标号不同
1987-08-18	闰6月24	7月24	仅标号不同
1987-08-19	闰6月25	7月25	仅标号不同
1987-08-20	闰6月26	7月26	仅标号不同
1987-08-21	闰6月27	7月27	仅标号不同
1987-08-22	闰6月28	7月28	仅标号不同
1987-08-23	闰6月29	7月29	仅标号不同
1987-08-24	7月1	闰7月1	仅标号不同
1987-08-25	7月2	闰7月2	仅标号不同
1987-08-26	7月3	闰7月3	仅标号不同
1987-08-27	7月4	闰7月4	仅标号不同
1987-08-28	7月5	闰7月5	仅标号不同
1987-08-29	7月6	闰7月6	仅标号不同
1987-08-30	7月7	闰7月7	仅标号不同
1987-08-31	7月8	闰7月8	仅标号不同
1987-09-01	7月9	闰7月9	仅标号不同
1987-09-02	7月10	闰7月10	仅标号不同
1987-09-03	7月11	闰7月11	仅标号不同
1987-09-04	7月12	闰7月12	仅标号不同
1987-09-05	7月13	闰7月13	仅标号不同
1987-09-06	7月14	闰7月14	仅标号不同
1987-09-07	7月15	闰7月15	仅标号不同
1987-09-08	7月16	闰7月16	仅标号不同
1987-09-09	7月17	闰7月17	仅标号不同
1987-09-10	7月18	闰7月18	仅标号不同
1987-09-11	7月19	闰7月19	仅标号不同
1987-09-12	7月20	闰7月20	仅标号不同
1987-09-13	7月21	闰7月21	仅标号不同
1987-09-14	7月22	闰7月22	仅标号不同
1987-09-15	7月23	闰7月23	仅标号不同
1987-09-16	7月24	闰7月24	仅标号不同
1987-09-17	7月25	闰7月25	仅标号不同
1987-09-18	7月26	闰7月26	仅标号不同
1987-09-19	7月27	闰7月27	仅标号不同
1987-09-20	7月28	闰7月28	仅标号不同
1987-09-21	7月29	闰7月29	仅标号不同
1987-09-22	7月30	闰7月30	仅标号不同
1999-01-17	12月1	11月30	日序不同
1999-01-18	12月2	12月1	日序不同
1999-01-19	12月3	12月2	日序不同
1999-01-20	12月4	12月3	日序不同
1999-01-21	12月5	12月4	日序不同
1999-01-22	12月6	12月5	日序不同
1999-01-23	12月7	12月6	日序不同
1999-01-24	12月8	12月7	日序不同
1999-01-25	12月9	12月8	日序不同
1999-01-26	12月10	12月9	日序不同
1999-01-27	12月11	12月10	日序不同
1999-01-28	12月12	12月11	日序不同
1999-01-29	12月13	12月12	日序不同
1999-01-30	12月14	12月13	日序不同
1999-01-31	12月15	12月14	日序不同
1999-02-01	12月16	12月15	日序不同
1999-02-02	12月17	12月16	日序不同
1999-02-03	12月18	12月17	日序不同
1999-02-04	12月19	12月18	日序不同
1999-02-05	12月20	12月19	日序不同
1999-02-06	12月21	12月20	日序不同
1999-02-07	12月22	12月21	日序不同
1999-02-08	12月23	12月22	日序不同
1999-02-09	12月24	12月23	日序不同
1999-02-10	12月25	12月24	日序不同
1999-02-11	12月26	12月25	日序不同
1999-02-12	12月27	12月26	日序不同
1999-02-13	12月28	12月27	日序不同
1999-02-14	12月29	12月28	日序不同
1999-02-15	12月30	12月29	日序不同
2012-08-17	7月1	6月30	日序不同
2012-08-18	7月2	7月1	日序不同
2012-08-19	7月3	7月2	日序不同
2012-08-20	7月4	7月3	日序不同
2012-08-21	7月5	7月4	日序不同
2012-08-22	7月6	7月5	日序不同
2012-08-23	7月7	7月6	日序不同
2012-08-24	7月8	7月7	日序不同
2012-08-25	7月9	7月8	日序不同
2012-08-26	7月10	7月9	日序不同
2012-08-27	7月11	7月10	日序不同
2012-08-28	7月12	7月11	日序不同
2012-08-29	7月13	7月12	日序不同
2012-08-30	7月14	7月13	日序不同
2012-08-31	7月15	7月14	日序不同
2012-09-01	7月16	7月15	日序不同
2012-09-02	7月17	7月16	日序不同
2012-09-03	7月18	7月17	日序不同
2012-09-04	7月19	7月18	日序不同
2012-09-05	7月20	7月19	日序不同
2012-09-06	7月21	7月20	日序不同
2012-09-07	7月22	7月21	日序不同
2012-09-08	7月23	7月22	日序不同
2012-09-09	7月24	7月23	日序不同
2012-09-10	7月25	7月24	日序不同
2012-09-11	7月26	7月25	日序不同
2012-09-12	7月27	7月26	日序不同
2012-09-13	7月28	7月27	日序不同
2012-09-14	7月29	7月28	日序不同
2012-09-15	7月30	7月29	日序不同
2018-11-07	9月30	10月1	日序不同
2018-11-08	10月1	10月2	日序不同
2018-11-09	10月2	10月3	日序不同
2018-11-10	10月3	10月4	日序不同
2018-11-11	10月4	10月5	日序不同
2018-11-12	10月5	10月6	日序不同
2018-11-13	10月6	10月7	日序不同
2018-11-14	10月7	10月8	日序不同
2018-11-15	10月8	10月9	日序不同
2018-11-16	10月9	10月10	日序不同
2018-11-17	10月10	10月11	日序不同
2018-11-18	10月11	10月12	日序不同
2018-11-19	10月12	10月13	日序不同
2018-11-20	10月13	10月14	日序不同
2018-11-21	10月14	10月15	日序不同
2018-11-22	10月15	10月16	日序不同
2018-11-23	10月16	10月17	日序不同
2018-11-24	10月17	10月18	日序不同
2018-11-25	10月18	10月19	日序不同
2018-11-26	10月19	10月20	日序不同
2018-11-27	10月20	10月21	日序不同
2018-11-28	10月21	10月22	日序不同
2018-11-29	10月22	10月23	日序不同
2018-11-30	10月23	10月24	日序不同
2018-12-01	10月24	10月25	日序不同
2018-12-02	10月25	10月26	日序不同
2018-12-03	10月26	10月27	日序不同
2018-12-04	10月27	10月28	日序不同
2018-12-05	10月28	10月29	日序不同
2018-12-06	10月29	10月30	日序不同
2027-02-06	1月1	12月30	日序不同
2027-02-07	1月2	1月1	日序不同
2027-02-08	1月3	1月2	日序不同
2027-02-09	1月4	1月3	日序不同
2027-02-10	1月5	1月4	日序不同
2027-02-11	1月6	1月5	日序不同
2027-02-12	1月7	1月6	日序不同
2027-02-13	1月8	1月7	日序不同
2027-02-14	1月9	1月8	日序不同
2027-02-15	1月10	1月9	日序不同
2027-02-16	1月11	1月10	日序不同
2027-02-17	1月12	1月11	日序不同
2027-02-18	1月13	1月12	日序不同
2027-02-19	1月14	1月13	日序不同
2027-02-20	1月15	1月14	日序不同
2027-02-21	1月16	1月15	日序不同
2027-02-22	1月17	1月16	日序不同
2027-02-23	1月18	1月17	日序不同
2027-02-24	1月19	1月18	日序不同
2027-02-25	1月20	1月19	日序不同
2027-02-26	1月21	1月20	日序不同
2027-02-27	1月22	1月21	日序不同
2027-02-28	1月23	1月22	日序不同
2027-03-01	1月24	1月23	日序不同
2027-03-02	1月25	1月24	日序不同
2027-03-03	1月26	1月25	日序不同
2027-03-04	1月27	1月26	日序不同
2027-03-05	1月28	1月27	日序不同
2027-03-06	1月29	1月28	日序不同
2027-03-07	1月30	1月29	日序不同
2030-02-02	12月30	1月1	日序不同
2030-02-03	1月1	1月2	日序不同
2030-02-04	1月2	1月3	日序不同
2030-02-05	1月3	1月4	日序不同
2030-02-06	1月4	1月5	日序不同
2030-02-07	1月5	1月6	日序不同
2030-02-08	1月6	1月7	日序不同
2030-02-09	1月7	1月8	日序不同
2030-02-10	1月8	1月9	日序不同
2030-02-11	1月9	1月10	日序不同
2030-02-12	1月10	1月11	日序不同
2030-02-13	1月11	1月12	日序不同
2030-02-14	1月12	1月13	日序不同
